,Unnamed: 0,dates,candidates_scores,health_scores,immigration_scores,jobs-race_scores,environment_scores,guns_scores,party_scores,economy_scores_x,economy_scores_y,winner
0,0,2016-08-08,1.9,,1.7142857142857142,2.0,1.4285714285714286,1.375,2.0,1.6875,1.6875,R
1,1,2016-08-09,1.68,2.0,1.6923076923076923,1.5,1.9090909090909087,2.0,1.68,1.8125,1.8125,R
2,2,2016-08-10,1.6521739130434785,2.0,2.1818181818181817,2.142857142857143,2.142857142857143,2.0,1.55,1.818181818181818,1.818181818181818,R
3,3,2016-08-11,1.9629629629629632,2.0,1.7857142857142858,2.0,1.7777777777777777,2.0,1.8888888888888888,2.142857142857143,2.142857142857143,R
4,4,2016-08-12,1.6206896551724137,2.0,1.5625,2.5,1.8,1.6111111111111112,1.8666666666666667,1.818181818181818,1.818181818181818,R
5,5,2016-08-13,1.75,1.6666666666666667,1.3333333333333333,1.6,2.75,2.0,2.0,2.0,2.0,R
6,6,2016-08-14,2.0,2.0,1.6,1.75,1.8571428571428568,2.125,1.875,2.125,2.125,R
7,7,2016-08-15,1.3333333333333333,1.3333333333333333,2.2142857142857144,1.9166666666666667,2.083333333333333,2.0,1.8888888888888888,2.1578947368421053,2.1578947368421053,R
8,8,2016-08-16,1.9285714285714288,2.0,1.8333333333333333,1.8571428571428568,2.333333333333333,1.9166666666666667,1.9047619047619049,1.75,1.75,R
9,9,2016-08-17,1.5714285714285714,2.4,1.3333333333333333,1.5,1.875,1.6470588235294117,2.0,1.9,1.9,R
10,10,2016-08-18,1.8571428571428568,,1.8333333333333333,1.3333333333333333,1.8571428571428568,1.7,2.0,1.8,1.8,R
11,11,2016-08-19,1.8125,1.5,2.0,2.0,1.6666666666666667,1.8888888888888888,1.761904761904762,2.0588235294117645,2.0588235294117645,R
12,12,2016-08-20,1.625,,2.25,2.0,2.2,2.0,2.083333333333333,2.1666666666666665,2.1666666666666665,R
13,13,2016-08-21,1.6666666666666667,3.0,2.25,1.8,2.1666666666666665,1.375,2.2105263157894743,1.7894736842105263,1.7894736842105263,R
14,14,2016-08-22,1.818181818181818,1.3333333333333333,2.0,1.4,1.75,1.8571428571428568,1.9166666666666667,1.8636363636363635,1.8636363636363635,R
15,15,2016-08-23,2.125,2.0,1.3333333333333333,2.25,1.5555555555555556,1.7,1.8,2.0,2.0,R
16,16,2016-08-24,2.0,,2.0,2.75,2.0,1.8,1.818181818181818,1.7368421052631582,1.7368421052631582,R
17,17,2016-08-25,1.5294117647058822,1.3333333333333333,1.7647058823529411,1.4,1.818181818181818,1.9090909090909087,2.0526315789473686,1.9285714285714288,1.9285714285714288,R
18,18,2016-08-26,1.8461538461538465,,1.9,2.0,1.8,1.7142857142857142,1.8125,1.7272727272727273,1.7272727272727273,R
19,19,2016-08-27,1.6666666666666667,2.0,2.0,1.6666666666666667,2.0,2.125,2.0,1.6,1.6,R
20,20,2016-08-28,1.8,1.6666666666666667,1.5,2.0,2.0,2.0,2.1818181818181817,2.090909090909091,2.090909090909091,R
21,21,2016-08-29,1.8333333333333333,2.0,1.6666666666666667,2.25,1.8888888888888888,2.0769230769230766,1.7857142857142858,1.7241379310344829,1.7241379310344829,R
22,22,2016-08-30,2.4444444444444446,1.6,1.8666666666666667,2.071428571428572,1.8888888888888888,2.0526315789473686,1.85,1.95,1.95,R
23,23,2016-08-31,1.88,2.0,1.7804878048780488,1.6666666666666667,1.8888888888888888,1.9523809523809523,1.8823529411764703,1.8,1.8,R
24,24,2016-09-01,1.7222222222222223,1.5,1.7272727272727273,2.142857142857143,2.1111111111111107,1.8823529411764703,2.0,2.0,2.0,R
25,25,2016-09-02,1.9375,2.0,1.9230769230769231,1.75,1.8461538461538465,1.8333333333333333,1.8965517241379308,1.818181818181818,1.818181818181818,R
26,26,2016-09-03,2.0,1.0,1.8571428571428568,1.75,2.0,2.25,2.4,2.0,2.0,R
27,27,2016-09-04,2.3846153846153846,2.0,1.8571428571428568,2.0,1.8333333333333333,2.1666666666666665,2.1875,1.6470588235294117,1.6470588235294117,R
28,28,2016-09-05,1.8,,1.5294117647058822,1.75,1.9090909090909087,1.4285714285714286,1.5625,1.8,1.8,R
29,29,2016-09-06,1.9,1.75,2.055555555555556,2.1,1.7058823529411764,1.5833333333333333,2.0476190476190474,1.9375,1.9375,R
30,30,2016-09-07,1.8125,,1.9090909090909087,1.5454545454545454,1.9166666666666667,2.125,1.8484848484848484,2.129032258064516,2.129032258064516,R
31,31,2016-09-08,1.862068965517241,2.333333333333333,1.3571428571428572,1.8571428571428568,1.8571428571428568,2.125,1.9375,1.4838709677419355,1.4838709677419355,R
32,32,2016-09-09,1.9444444444444444,2.0,1.4285714285714286,1.8,1.8461538461538465,1.7692307692307692,1.9565217391304348,2.0303030303030303,2.0303030303030303,R
33,33,2016-09-10,2.0,,1.8888888888888888,2.25,1.5,1.6666666666666667,2.235294117647059,2.0769230769230766,2.0769230769230766,R
34,34,2016-09-11,2.0,1.0,1.6,2.0,1.5,1.6,1.8571428571428568,1.7777777777777777,1.7777777777777777,R
35,35,2016-09-12,1.681818181818182,2.2,1.6666666666666667,2.25,2.0,1.8888888888888888,1.8,1.880952380952381,1.880952380952381,R
36,36,2016-09-13,1.7058823529411764,1.6,1.8333333333333333,2.0,2.0,1.9375,1.8571428571428568,1.9642857142857144,1.9642857142857144,R
37,37,2016-09-14,1.8421052631578947,2.0,1.7142857142857142,1.7142857142857142,1.875,2.0,2.0,1.5882352941176472,1.5882352941176472,R
38,38,2016-09-15,2.0526315789473686,2.0,2.0588235294117645,1.6,1.8571428571428568,2.0,2.088235294117647,2.053333333333333,2.053333333333333,R
39,39,2016-09-16,1.6666666666666667,1.0,1.7272727272727273,2.125,2.0,2.0,1.851851851851852,2.090909090909091,2.090909090909091,R
40,40,2016-09-17,2.2,2.0,1.6470588235294117,2.0,1.8,2.0,2.0,1.9285714285714288,1.9285714285714288,R
41,41,2016-09-18,1.6,,2.0,1.5,1.6666666666666667,2.0,1.8333333333333333,1.4,1.4,R
42,42,2016-09-19,1.4545454545454546,3.0,1.8387096774193548,2.25,1.6666666666666667,2.0,2.0454545454545454,1.903225806451613,1.903225806451613,R
43,43,2016-09-20,2.125,2.0,1.7058823529411764,1.625,1.7,1.8333333333333333,1.9285714285714288,1.6363636363636365,1.6363636363636365,R
44,44,2016-09-21,1.8666666666666667,,1.5789473684210529,1.25,1.8333333333333333,1.5238095238095235,2.0,2.0,2.0,R
45,45,2016-09-22,1.9523809523809523,2.333333333333333,1.380952380952381,1.7142857142857142,2.1,1.7142857142857142,1.875,1.84375,1.84375,R
46,46,2016-09-23,2.0526315789473686,1.5,1.6428571428571428,2.1666666666666665,2.055555555555556,2.083333333333333,2.0,1.9259259259259256,1.9259259259259256,R
47,47,2016-09-24,1.6363636363636365,2.0,2.0,2.0,2.333333333333333,2.375,1.8461538461538465,2.4285714285714284,2.4285714285714284,R
48,48,2016-09-25,1.9090909090909087,1.6666666666666667,1.8571428571428568,1.5714285714285714,2.1111111111111107,2.0,1.8333333333333333,2.095238095238096,2.095238095238096,R
49,49,2016-09-26,1.9230769230769231,,2.0,1.8571428571428568,1.7777777777777777,1.6153846153846154,1.6666666666666667,1.6296296296296295,1.6296296296296295,R
50,50,2016-09-27,1.891304347826087,2.0,1.625,2.1111111111111107,1.9,1.7142857142857142,2.0416666666666665,1.8,1.8,R
51,51,2016-09-28,1.6842105263157894,1.5,2.0,2.090909090909091,2.24,2.0,2.0588235294117645,2.0,2.0,R
52,52,2016-09-29,1.5666666666666669,2.0,1.75,1.8,2.0,1.875,1.9166666666666667,1.7647058823529411,1.7647058823529411,R
53,53,2016-09-30,1.8,1.6666666666666667,1.7,1.9166666666666667,1.7857142857142858,1.9090909090909087,1.5897435897435896,1.8064516129032255,1.8064516129032255,R
54,54,2016-10-01,1.6470588235294117,2.0,1.5,2.0,3.0,1.7,1.8571428571428568,2.066666666666667,2.066666666666667,R
55,55,2016-10-02,2.1111111111111107,2.0,1.8,2.0,1.9090909090909087,2.142857142857143,2.0769230769230766,1.96875,1.96875,R
56,56,2016-10-03,2.2857142857142856,2.0,1.8333333333333333,1.6363636363636365,1.6,1.75,2.1,1.9230769230769231,1.9230769230769231,R
57,57,2016-10-04,1.8823529411764703,1.3333333333333333,1.625,1.5714285714285714,2.0,2.333333333333333,1.8823529411764703,1.9677419354838708,1.9677419354838708,R
58,58,2016-10-05,2.083333333333333,2.0,2.0,2.0,2.066666666666667,1.9285714285714288,1.818181818181818,1.75,1.75,R
59,59,2016-10-06,2.333333333333333,1.5714285714285714,2.0,2.333333333333333,2.0588235294117645,2.2,1.947368421052632,1.7419354838709675,1.7419354838709675,R
60,60,2016-10-07,1.9,2.0,1.875,2.25,1.7,2.0,2.071428571428572,1.7931034482758617,1.7931034482758617,R
61,61,2016-10-08,1.5714285714285714,,1.5,1.3333333333333333,2.0,1.6666666666666667,1.8823529411764703,1.6,1.6,R
62,62,2016-10-09,1.8,2.0,2.0,1.75,1.75,1.6363636363636365,1.9,1.7272727272727273,1.7272727272727273,R
63,63,2016-10-10,1.7209302325581397,1.5,1.9523809523809523,2.142857142857143,2.0625,1.75,2.0,1.8333333333333333,1.8333333333333333,R
64,64,2016-10-11,2.025641025641025,1.8,1.8571428571428568,1.75,1.9333333333333331,2.0,1.7727272727272727,1.9,1.9,R
65,65,2016-10-12,1.7,2.0,1.75,1.7,2.090909090909091,1.6666666666666667,1.7391304347826086,2.0588235294117645,2.0588235294117645,R
66,66,2016-10-13,1.6666666666666667,2.0,1.9090909090909087,1.8333333333333333,2.0,1.75,1.8333333333333333,2.0277777777777777,2.0277777777777777,R
67,67,2016-10-14,1.7428571428571429,1.6,1.8333333333333333,1.5,1.7,1.8888888888888888,1.5625,1.9210526315789476,1.9210526315789476,R
68,68,2016-10-15,2.0769230769230766,1.0,1.6,1.5,1.7142857142857142,1.7142857142857142,2.0,1.7272727272727273,1.7272727272727273,R
69,69,2016-10-16,2.0,,1.5,1.8571428571428568,2.571428571428572,2.0,1.9090909090909087,2.235294117647059,2.235294117647059,R
70,70,2016-10-17,1.4761904761904765,2.0,1.8571428571428568,2.5,2.0,1.8461538461538465,1.818181818181818,1.95,1.95,R
71,71,2016-10-18,1.8214285714285716,2.0,1.6666666666666667,1.8333333333333333,1.8235294117647056,1.95,1.88,1.7307692307692308,1.7307692307692308,R
72,72,2016-10-19,2.25,1.6,1.5416666666666667,1.5,1.5384615384615383,1.7,1.9666666666666663,1.9142857142857144,1.9142857142857144,R
73,73,2016-10-20,1.945945945945946,2.0,1.681818181818182,1.6,1.8,1.875,2.0,1.7878787878787878,1.7878787878787878,R
74,74,2016-10-21,1.6428571428571428,2.0,1.6666666666666667,1.6666666666666667,1.8333333333333333,1.6,1.8888888888888888,1.8,1.8,R
75,75,2016-10-22,1.9166666666666667,1.0,2.0,1.75,1.6666666666666667,1.7777777777777777,1.9090909090909087,2.0,2.0,R
76,76,2016-10-23,2.1666666666666665,2.0,2.1111111111111107,1.5,2.1111111111111107,2.142857142857143,1.8333333333333333,1.9629629629629632,1.9629629629629632,R
77,77,2016-10-24,1.9230769230769231,2.0,1.95,1.875,1.8965517241379308,1.8,1.9333333333333331,1.875,1.875,R
78,78,2016-10-25,2.12,2.0,2.363636363636364,1.6,2.0,1.9230769230769231,1.7777777777777777,1.6551724137931034,1.6551724137931034,R
79,79,2016-10-26,1.631578947368421,2.25,1.7142857142857142,1.5555555555555556,1.7142857142857142,1.75,1.5,1.807692307692308,1.807692307692308,R
80,80,2016-10-27,2.1578947368421053,1.7692307692307692,2.2857142857142856,2.0,2.0,2.25,1.8965517241379308,1.9142857142857144,1.9142857142857144,R
81,81,2016-10-28,1.88,2.1666666666666665,1.7692307692307692,2.0,1.8,1.8571428571428568,1.75,1.7333333333333334,1.7333333333333334,R
82,82,2016-10-29,2.235294117647059,1.5,2.142857142857143,2.4,2.0,2.5,2.1111111111111107,1.7692307692307692,1.7692307692307692,R
83,83,2016-10-30,1.7368421052631582,2.0,2.142857142857143,1.3333333333333333,1.5,2.0,1.9090909090909087,2.272727272727273,2.272727272727273,R
84,84,2016-10-31,2.0588235294117645,2.0,1.4444444444444444,1.9375,1.6923076923076923,1.8,1.9285714285714288,1.9555555555555555,1.9555555555555555,R
85,85,2016-11-01,2.0303030303030303,1.25,1.608695652173913,2.0,1.5384615384615383,1.6,1.7407407407407407,1.627906976744186,1.627906976744186,R
86,86,2016-11-02,1.631578947368421,2.0,1.681818181818182,1.8,1.8888888888888888,1.9,1.75,1.5945945945945943,1.5945945945945943,R
87,87,2016-11-03,1.7,1.8,1.875,2.0,2.090909090909091,2.1875,1.8,1.9259259259259256,1.9259259259259256,R
88,88,2016-11-04,2.060606060606061,1.0,1.7272727272727273,1.75,1.6666666666666667,1.7857142857142858,1.9333333333333331,1.7941176470588236,1.7941176470588236,R
89,89,2016-11-05,2.0689655172413794,1.0,2.142857142857143,2.0,2.0,2.0,1.625,1.9,1.9,R
90,90,2016-11-06,1.8611111111111112,2.0,1.6,1.625,1.75,2.1111111111111107,1.5862068965517242,1.8,1.8,R
91,91,2016-11-07,1.8461538461538465,2.0,1.7777777777777777,1.8333333333333333,2.142857142857143,2.0,2.071428571428572,1.9772727272727275,1.9772727272727275,R
92,92,2016-11-08,2.057142857142857,2.0,2.0,1.75,2.1666666666666665,2.1578947368421053,2.0,2.0,2.0,R
0,0,2016-08-08,1.9,,1.7142857142857142,2.0,1.4285714285714286,1.375,2.0,1.6875,,D
1,1,2016-08-09,1.68,2.0,1.6923076923076923,1.5,1.9090909090909087,2.0,1.68,1.8125,,D
2,2,2016-08-10,1.6521739130434785,2.0,2.1818181818181817,2.142857142857143,2.142857142857143,2.0,1.55,1.818181818181818,,D
3,3,2016-08-11,1.9629629629629632,2.0,1.7857142857142858,2.0,1.7777777777777777,2.0,1.8888888888888888,2.142857142857143,,D
4,4,2016-08-12,1.6206896551724137,2.0,1.5625,2.5,1.8,1.6111111111111112,1.8666666666666667,1.818181818181818,,D
5,5,2016-08-13,1.75,1.6666666666666667,1.3333333333333333,1.6,2.75,2.0,2.0,2.0,,D
6,6,2016-08-14,2.0,2.0,1.6,1.75,1.8571428571428568,2.125,1.875,2.125,,D
7,7,2016-08-15,1.3333333333333333,1.3333333333333333,2.2142857142857144,1.9166666666666667,2.083333333333333,2.0,1.8888888888888888,2.1578947368421053,,D
8,8,2016-08-16,1.9285714285714288,2.0,1.8333333333333333,1.8571428571428568,2.333333333333333,1.9166666666666667,1.9047619047619049,1.75,,D
9,9,2016-08-17,1.5714285714285714,2.4,1.3333333333333333,1.5,1.875,1.6470588235294117,2.0,1.9,,D
10,10,2016-08-18,1.8571428571428568,,1.8333333333333333,1.3333333333333333,1.8571428571428568,1.7,2.0,1.8,,D
11,11,2016-08-19,1.8125,1.5,2.0,2.0,1.6666666666666667,1.8888888888888888,1.761904761904762,2.0588235294117645,,D
12,12,2016-08-20,1.625,,2.25,2.0,2.2,2.0,2.083333333333333,2.1666666666666665,,D
13,13,2016-08-21,1.6666666666666667,3.0,2.25,1.8,2.1666666666666665,1.375,2.2105263157894743,1.7894736842105263,,D
14,14,2016-08-22,1.818181818181818,1.3333333333333333,2.0,1.4,1.75,1.8571428571428568,1.9166666666666667,1.8636363636363635,,D
15,15,2016-08-23,2.125,2.0,1.3333333333333333,2.25,1.5555555555555556,1.7,1.8,2.0,,D
16,16,2016-08-24,2.0,,2.0,2.75,2.0,1.8,1.818181818181818,1.7368421052631582,,D
17,17,2016-08-25,1.5294117647058822,1.3333333333333333,1.7647058823529411,1.4,1.818181818181818,1.9090909090909087,2.0526315789473686,1.9285714285714288,,D
18,18,2016-08-26,1.8461538461538465,,1.9,2.0,1.8,1.7142857142857142,1.8125,1.7272727272727273,,D
19,19,2016-08-27,1.6666666666666667,2.0,2.0,1.6666666666666667,2.0,2.125,2.0,1.6,,D
20,20,2016-08-28,1.8,1.6666666666666667,1.5,2.0,2.0,2.0,2.1818181818181817,2.090909090909091,,D
21,21,2016-08-29,1.8333333333333333,2.0,1.6666666666666667,2.25,1.8888888888888888,2.0769230769230766,1.7857142857142858,1.7241379310344829,,D
22,22,2016-08-30,2.4444444444444446,1.6,1.8666666666666667,2.071428571428572,1.8888888888888888,2.0526315789473686,1.85,1.95,,D
23,23,2016-08-31,1.88,2.0,1.7804878048780488,1.6666666666666667,1.8888888888888888,1.9523809523809523,1.8823529411764703,1.8,,D
24,24,2016-09-01,1.7222222222222223,1.5,1.7272727272727273,2.142857142857143,2.1111111111111107,1.8823529411764703,2.0,2.0,,D
25,25,2016-09-02,1.9375,2.0,1.9230769230769231,1.75,1.8461538461538465,1.8333333333333333,1.8965517241379308,1.818181818181818,,D
26,26,2016-09-03,2.0,1.0,1.8571428571428568,1.75,2.0,2.25,2.4,2.0,,D
27,27,2016-09-04,2.3846153846153846,2.0,1.8571428571428568,2.0,1.8333333333333333,2.1666666666666665,2.1875,1.6470588235294117,,D
28,28,2016-09-05,1.8,,1.5294117647058822,1.75,1.9090909090909087,1.4285714285714286,1.5625,1.8,,D
29,29,2016-09-06,1.9,1.75,2.055555555555556,2.1,1.7058823529411764,1.5833333333333333,2.0476190476190474,1.9375,,D
30,30,2016-09-07,1.8125,,1.9090909090909087,1.5454545454545454,1.9166666666666667,2.125,1.8484848484848484,2.129032258064516,,D
31,31,2016-09-08,1.862068965517241,2.333333333333333,1.3571428571428572,1.8571428571428568,1.8571428571428568,2.125,1.9375,1.4838709677419355,,D
32,32,2016-09-09,1.9444444444444444,2.0,1.4285714285714286,1.8,1.8461538461538465,1.7692307692307692,1.9565217391304348,2.0303030303030303,,D
33,33,2016-09-10,2.0,,1.8888888888888888,2.25,1.5,1.6666666666666667,2.235294117647059,2.0769230769230766,,D
34,34,2016-09-11,2.0,1.0,1.6,2.0,1.5,1.6,1.8571428571428568,1.7777777777777777,,D
35,35,2016-09-12,1.681818181818182,2.2,1.6666666666666667,2.25,2.0,1.8888888888888888,1.8,1.880952380952381,,D
36,36,2016-09-13,1.7058823529411764,1.6,1.8333333333333333,2.0,2.0,1.9375,1.8571428571428568,1.9642857142857144,,D
37,37,2016-09-14,1.8421052631578947,2.0,1.7142857142857142,1.7142857142857142,1.875,2.0,2.0,1.5882352941176472,,D
38,38,2016-09-15,2.0526315789473686,2.0,2.0588235294117645,1.6,1.8571428571428568,2.0,2.088235294117647,2.053333333333333,,D
39,39,2016-09-16,1.6666666666666667,1.0,1.7272727272727273,2.125,2.0,2.0,1.851851851851852,2.090909090909091,,D
40,40,2016-09-17,2.2,2.0,1.6470588235294117,2.0,1.8,2.0,2.0,1.9285714285714288,,D
41,41,2016-09-18,1.6,,2.0,1.5,1.6666666666666667,2.0,1.8333333333333333,1.4,,D
42,42,2016-09-19,1.4545454545454546,3.0,1.8387096774193548,2.25,1.6666666666666667,2.0,2.0454545454545454,1.903225806451613,,D
43,43,2016-09-20,2.125,2.0,1.7058823529411764,1.625,1.7,1.8333333333333333,1.9285714285714288,1.6363636363636365,,D
44,44,2016-09-21,1.8666666666666667,,1.5789473684210529,1.25,1.8333333333333333,1.5238095238095235,2.0,2.0,,D
45,45,2016-09-22,1.9523809523809523,2.333333333333333,1.380952380952381,1.7142857142857142,2.1,1.7142857142857142,1.875,1.84375,,D
46,46,2016-09-23,2.0526315789473686,1.5,1.6428571428571428,2.1666666666666665,2.055555555555556,2.083333333333333,2.0,1.9259259259259256,,D
47,47,2016-09-24,1.6363636363636365,2.0,2.0,2.0,2.333333333333333,2.375,1.8461538461538465,2.4285714285714284,,D
48,48,2016-09-25,1.9090909090909087,1.6666666666666667,1.8571428571428568,1.5714285714285714,2.1111111111111107,2.0,1.8333333333333333,2.095238095238096,,D
49,49,2016-09-26,1.9230769230769231,,2.0,1.8571428571428568,1.7777777777777777,1.6153846153846154,1.6666666666666667,1.6296296296296295,,D
50,50,2016-09-27,1.891304347826087,2.0,1.625,2.1111111111111107,1.9,1.7142857142857142,2.0416666666666665,1.8,,D
51,51,2016-09-28,1.6842105263157894,1.5,2.0,2.090909090909091,2.24,2.0,2.0588235294117645,2.0,,D
52,52,2016-09-29,1.5666666666666669,2.0,1.75,1.8,2.0,1.875,1.9166666666666667,1.7647058823529411,,D
53,53,2016-09-30,1.8,1.6666666666666667,1.7,1.9166666666666667,1.7857142857142858,1.9090909090909087,1.5897435897435896,1.8064516129032255,,D
54,54,2016-10-01,1.6470588235294117,2.0,1.5,2.0,3.0,1.7,1.8571428571428568,2.066666666666667,,D
55,55,2016-10-02,2.1111111111111107,2.0,1.8,2.0,1.9090909090909087,2.142857142857143,2.0769230769230766,1.96875,,D
56,56,2016-10-03,2.2857142857142856,2.0,1.8333333333333333,1.6363636363636365,1.6,1.75,2.1,1.9230769230769231,,D
57,57,2016-10-04,1.8823529411764703,1.3333333333333333,1.625,1.5714285714285714,2.0,2.333333333333333,1.8823529411764703,1.9677419354838708,,D
58,58,2016-10-05,2.083333333333333,2.0,2.0,2.0,2.066666666666667,1.9285714285714288,1.818181818181818,1.75,,D
59,59,2016-10-06,2.333333333333333,1.5714285714285714,2.0,2.333333333333333,2.0588235294117645,2.2,1.947368421052632,1.7419354838709675,,D
60,60,2016-10-07,1.9,2.0,1.875,2.25,1.7,2.0,2.071428571428572,1.7931034482758617,,D
61,61,2016-10-08,1.5714285714285714,,1.5,1.3333333333333333,2.0,1.6666666666666667,1.8823529411764703,1.6,,D
62,62,2016-10-09,1.8,2.0,2.0,1.75,1.75,1.6363636363636365,1.9,1.7272727272727273,,D
63,63,2016-10-10,1.7209302325581397,1.5,1.9523809523809523,2.142857142857143,2.0625,1.75,2.0,1.8333333333333333,,D
64,64,2016-10-11,2.025641025641025,1.8,1.8571428571428568,1.75,1.9333333333333331,2.0,1.7727272727272727,1.9,,D
65,65,2016-10-12,1.7,2.0,1.75,1.7,2.090909090909091,1.6666666666666667,1.7391304347826086,2.0588235294117645,,D
66,66,2016-10-13,1.6666666666666667,2.0,1.9090909090909087,1.8333333333333333,2.0,1.75,1.8333333333333333,2.0277777777777777,,D
67,67,2016-10-14,1.7428571428571429,1.6,1.8333333333333333,1.5,1.7,1.8888888888888888,1.5625,1.9210526315789476,,D
68,68,2016-10-15,2.0769230769230766,1.0,1.6,1.5,1.7142857142857142,1.7142857142857142,2.0,1.7272727272727273,,D
69,69,2016-10-16,2.0,,1.5,1.8571428571428568,2.571428571428572,2.0,1.9090909090909087,2.235294117647059,,D
70,70,2016-10-17,1.4761904761904765,2.0,1.8571428571428568,2.5,2.0,1.8461538461538465,1.818181818181818,1.95,,D
71,71,2016-10-18,1.8214285714285716,2.0,1.6666666666666667,1.8333333333333333,1.8235294117647056,1.95,1.88,1.7307692307692308,,D
72,72,2016-10-19,2.25,1.6,1.5416666666666667,1.5,1.5384615384615383,1.7,1.9666666666666663,1.9142857142857144,,D
73,73,2016-10-20,1.945945945945946,2.0,1.681818181818182,1.6,1.8,1.875,2.0,1.7878787878787878,,D
74,74,2016-10-21,1.6428571428571428,2.0,1.6666666666666667,1.6666666666666667,1.8333333333333333,1.6,1.8888888888888888,1.8,,D
75,75,2016-10-22,1.9166666666666667,1.0,2.0,1.75,1.6666666666666667,1.7777777777777777,1.9090909090909087,2.0,,D
76,76,2016-10-23,2.1666666666666665,2.0,2.1111111111111107,1.5,2.1111111111111107,2.142857142857143,1.8333333333333333,1.9629629629629632,,D
77,77,2016-10-24,1.9230769230769231,2.0,1.95,1.875,1.8965517241379308,1.8,1.9333333333333331,1.875,,D
78,78,2016-10-25,2.12,2.0,2.363636363636364,1.6,2.0,1.9230769230769231,1.7777777777777777,1.6551724137931034,,D
79,79,2016-10-26,1.631578947368421,2.25,1.7142857142857142,1.5555555555555556,1.7142857142857142,1.75,1.5,1.807692307692308,,D
80,80,2016-10-27,2.1578947368421053,1.7692307692307692,2.2857142857142856,2.0,2.0,2.25,1.8965517241379308,1.9142857142857144,,D
81,81,2016-10-28,1.88,2.1666666666666665,1.7692307692307692,2.0,1.8,1.8571428571428568,1.75,1.7333333333333334,,D
82,82,2016-10-29,2.235294117647059,1.5,2.142857142857143,2.4,2.0,2.5,2.1111111111111107,1.7692307692307692,,D
83,83,2016-10-30,1.7368421052631582,2.0,2.142857142857143,1.3333333333333333,1.5,2.0,1.9090909090909087,2.272727272727273,,D
84,84,2016-10-31,2.0588235294117645,2.0,1.4444444444444444,1.9375,1.6923076923076923,1.8,1.9285714285714288,1.9555555555555555,,D
85,85,2016-11-01,2.0303030303030303,1.25,1.608695652173913,2.0,1.5384615384615383,1.6,1.7407407407407407,1.627906976744186,,D
86,86,2016-11-02,1.631578947368421,2.0,1.681818181818182,1.8,1.8888888888888888,1.9,1.75,1.5945945945945943,,D
87,87,2016-11-03,1.7,1.8,1.875,2.0,2.090909090909091,2.1875,1.8,1.9259259259259256,,D
88,88,2016-11-04,2.060606060606061,1.0,1.7272727272727273,1.75,1.6666666666666667,1.7857142857142858,1.9333333333333331,1.7941176470588236,,D
89,89,2016-11-05,2.0689655172413794,1.0,2.142857142857143,2.0,2.0,2.0,1.625,1.9,,D
90,90,2016-11-06,1.8611111111111112,2.0,1.6,1.625,1.75,2.1111111111111107,1.5862068965517242,1.8,,D
91,91,2016-11-07,1.8461538461538465,2.0,1.7777777777777777,1.8333333333333333,2.142857142857143,2.0,2.071428571428572,1.9772727272727275,,D
92,92,2016-11-08,2.057142857142857,2.0,2.0,1.75,2.1666666666666665,2.1578947368421053,2.0,2.0,,D
93,93,2012-08-06,,,,,,,,,1.826086956521739,D
94,94,2012-08-07,,,,,,,,,2.2142857142857144,D
95,95,2012-08-08,,,,,,,,,1.826086956521739,D
96,96,2012-08-09,,,,,,,,,1.6428571428571428,D
97,97,2012-08-10,,,,,,,,,1.8888888888888888,D
98,98,2012-08-11,,,,,,,,,2.2,D
99,99,2012-08-12,,,,,,,,,1.6363636363636365,D
100,100,2012-08-13,,,,,,,,,1.5294117647058822,D
101,101,2012-08-14,,,,,,,,,1.88,D
102,102,2012-08-15,,,,,,,,,1.875,D
103,103,2012-08-16,,,,,,,,,1.875,D
104,104,2012-08-17,,,,,,,,,1.9696969696969695,D
105,105,2012-08-18,,,,,,,,,1.9285714285714288,D
106,106,2012-08-19,,,,,,,,,2.333333333333333,D
107,107,2012-08-20,,,,,,,,,1.8695652173913044,D
108,108,2012-08-21,,,,,,,,,2.055555555555556,D
109,109,2012-08-22,,,,,,,,,1.6428571428571428,D
110,110,2012-08-23,,,,,,,,,2.1481481481481484,D
111,111,2012-08-24,,,,,,,,,1.9615384615384612,D
112,112,2012-08-25,,,,,,,,,2.0,D
113,113,2012-08-26,,,,,,,,,2.083333333333333,D
114,114,2012-08-27,,,,,,,,,2.0,D
115,115,2012-08-28,,,,,,,,,2.0434782608695654,D
116,116,2012-08-29,,,,,,,,,2.0638297872340425,D
117,117,2012-08-30,,,,,,,,,2.08,D
118,118,2012-08-31,,,,,,,,,2.088235294117647,D
119,119,2012-09-01,,,,,,,,,1.8,D
120,120,2012-09-02,,,,,,,,,1.9,D
121,121,2012-09-03,,,,,,,,,2.1724137931034484,D
122,122,2012-09-04,,,,,,,,,1.625,D
123,123,2012-09-05,,,,,,,,,1.9629629629629632,D
124,124,2012-09-06,,,,,,,,,1.9444444444444444,D
125,125,2012-09-07,,,,,,,,,1.818181818181818,D
126,126,2012-09-08,,,,,,,,,1.9,D
127,127,2012-09-09,,,,,,,,,1.7777777777777777,D
128,128,2012-09-10,,,,,,,,,1.96,D
129,129,2012-09-11,,,,,,,,,1.9047619047619049,D
130,130,2012-09-12,,,,,,,,,1.9696969696969695,D
131,131,2012-09-13,,,,,,,,,1.7777777777777777,D
132,132,2012-09-14,,,,,,,,,2.0,D
133,133,2012-09-15,,,,,,,,,2.25,D
134,134,2012-09-16,,,,,,,,,2.4615384615384617,D
135,135,2012-09-17,,,,,,,,,2.071428571428572,D
136,136,2012-09-18,,,,,,,,,1.9259259259259256,D
137,137,2012-09-19,,,,,,,,,1.8928571428571428,D
138,138,2012-09-20,,,,,,,,,1.8888888888888888,D
139,139,2012-09-21,,,,,,,,,2.0,D
140,140,2012-09-22,,,,,,,,,1.8888888888888888,D
141,141,2012-09-23,,,,,,,,,1.9166666666666667,D
142,142,2012-09-24,,,,,,,,,1.7352941176470589,D
143,143,2012-09-25,,,,,,,,,2.0888888888888895,D
144,144,2012-09-26,,,,,,,,,1.8571428571428568,D
145,145,2012-09-27,,,,,,,,,1.9090909090909087,D
146,146,2012-09-28,,,,,,,,,2.102564102564102,D
147,147,2012-09-29,,,,,,,,,2.066666666666667,D
148,148,2012-09-30,,,,,,,,,2.1875,D
149,149,2012-10-01,,,,,,,,,1.7741935483870968,D
150,150,2012-10-02,,,,,,,,,1.9333333333333331,D
151,151,2012-10-03,,,,,,,,,1.9230769230769231,D
152,152,2012-10-04,,,,,,,,,1.8378378378378382,D
153,153,2012-10-05,,,,,,,,,1.5833333333333333,D
154,154,2012-10-06,,,,,,,,,1.9333333333333331,D
155,155,2012-10-07,,,,,,,,,1.8571428571428568,D
156,156,2012-10-08,,,,,,,,,1.88,D
157,157,2012-10-09,,,,,,,,,2.0625,D
158,158,2012-10-10,,,,,,,,,1.9361702127659572,D
159,159,2012-10-11,,,,,,,,,1.9090909090909087,D
160,160,2012-10-12,,,,,,,,,2.0476190476190474,D
161,161,2012-10-13,,,,,,,,,1.6923076923076923,D
162,162,2012-10-14,,,,,,,,,1.8,D
163,163,2012-10-15,,,,,,,,,2.088235294117647,D
164,164,2012-10-16,,,,,,,,,1.935483870967742,D
165,165,2012-10-17,,,,,,,,,1.8461538461538465,D
166,166,2012-10-18,,,,,,,,,1.9523809523809523,D
167,167,2012-10-19,,,,,,,,,1.8461538461538465,D
168,168,2012-10-20,,,,,,,,,2.0,D
169,169,2012-10-21,,,,,,,,,2.0,D
170,170,2012-10-22,,,,,,,,,1.818181818181818,D
171,171,2012-10-23,,,,,,,,,1.8157894736842104,D
172,172,2012-10-24,,,,,,,,,1.9142857142857144,D
173,173,2012-10-25,,,,,,,,,1.9111111111111112,D
174,174,2012-10-26,,,,,,,,,1.7333333333333334,D
175,175,2012-10-27,,,,,,,,,1.8148148148148149,D
176,176,2012-10-28,,,,,,,,,1.8,D
177,177,2012-10-29,,,,,,,,,1.8421052631578947,D
178,178,2012-10-30,,,,,,,,,1.675,D
179,179,2012-10-31,,,,,,,,,1.8636363636363635,D
180,180,2012-11-01,,,,,,,,,1.870967741935484,D
181,181,2012-11-02,,,,,,,,,1.9210526315789476,D
182,182,2012-11-03,,,,,,,,,1.6666666666666667,D
183,183,2012-11-04,,,,,,,,,1.761904761904762,D
184,184,2012-11-05,,,,,,,,,1.8571428571428568,D
185,185,2012-11-06,,,,,,,,,2.0,D
0,0,2016-08-08,1.9,,1.7142857142857142,2.0,1.4285714285714286,1.375,2.0,1.6875,,D
1,1,2016-08-09,1.68,2.0,1.6923076923076923,1.5,1.9090909090909087,2.0,1.68,1.8125,,D
2,2,2016-08-10,1.6521739130434785,2.0,2.1818181818181817,2.142857142857143,2.142857142857143,2.0,1.55,1.818181818181818,,D
3,3,2016-08-11,1.9629629629629632,2.0,1.7857142857142858,2.0,1.7777777777777777,2.0,1.8888888888888888,2.142857142857143,,D
4,4,2016-08-12,1.6206896551724137,2.0,1.5625,2.5,1.8,1.6111111111111112,1.8666666666666667,1.818181818181818,,D
5,5,2016-08-13,1.75,1.6666666666666667,1.3333333333333333,1.6,2.75,2.0,2.0,2.0,,D
6,6,2016-08-14,2.0,2.0,1.6,1.75,1.8571428571428568,2.125,1.875,2.125,,D
7,7,2016-08-15,1.3333333333333333,1.3333333333333333,2.2142857142857144,1.9166666666666667,2.083333333333333,2.0,1.8888888888888888,2.1578947368421053,,D
8,8,2016-08-16,1.9285714285714288,2.0,1.8333333333333333,1.8571428571428568,2.333333333333333,1.9166666666666667,1.9047619047619049,1.75,,D
9,9,2016-08-17,1.5714285714285714,2.4,1.3333333333333333,1.5,1.875,1.6470588235294117,2.0,1.9,,D
10,10,2016-08-18,1.8571428571428568,,1.8333333333333333,1.3333333333333333,1.8571428571428568,1.7,2.0,1.8,,D
11,11,2016-08-19,1.8125,1.5,2.0,2.0,1.6666666666666667,1.8888888888888888,1.761904761904762,2.0588235294117645,,D
12,12,2016-08-20,1.625,,2.25,2.0,2.2,2.0,2.083333333333333,2.1666666666666665,,D
13,13,2016-08-21,1.6666666666666667,3.0,2.25,1.8,2.1666666666666665,1.375,2.2105263157894743,1.7894736842105263,,D
14,14,2016-08-22,1.818181818181818,1.3333333333333333,2.0,1.4,1.75,1.8571428571428568,1.9166666666666667,1.8636363636363635,,D
15,15,2016-08-23,2.125,2.0,1.3333333333333333,2.25,1.5555555555555556,1.7,1.8,2.0,,D
16,16,2016-08-24,2.0,,2.0,2.75,2.0,1.8,1.818181818181818,1.7368421052631582,,D
17,17,2016-08-25,1.5294117647058822,1.3333333333333333,1.7647058823529411,1.4,1.818181818181818,1.9090909090909087,2.0526315789473686,1.9285714285714288,,D
18,18,2016-08-26,1.8461538461538465,,1.9,2.0,1.8,1.7142857142857142,1.8125,1.7272727272727273,,D
19,19,2016-08-27,1.6666666666666667,2.0,2.0,1.6666666666666667,2.0,2.125,2.0,1.6,,D
20,20,2016-08-28,1.8,1.6666666666666667,1.5,2.0,2.0,2.0,2.1818181818181817,2.090909090909091,,D
21,21,2016-08-29,1.8333333333333333,2.0,1.6666666666666667,2.25,1.8888888888888888,2.0769230769230766,1.7857142857142858,1.7241379310344829,,D
22,22,2016-08-30,2.4444444444444446,1.6,1.8666666666666667,2.071428571428572,1.8888888888888888,2.0526315789473686,1.85,1.95,,D
23,23,2016-08-31,1.88,2.0,1.7804878048780488,1.6666666666666667,1.8888888888888888,1.9523809523809523,1.8823529411764703,1.8,,D
24,24,2016-09-01,1.7222222222222223,1.5,1.7272727272727273,2.142857142857143,2.1111111111111107,1.8823529411764703,2.0,2.0,,D
25,25,2016-09-02,1.9375,2.0,1.9230769230769231,1.75,1.8461538461538465,1.8333333333333333,1.8965517241379308,1.818181818181818,,D
26,26,2016-09-03,2.0,1.0,1.8571428571428568,1.75,2.0,2.25,2.4,2.0,,D
27,27,2016-09-04,2.3846153846153846,2.0,1.8571428571428568,2.0,1.8333333333333333,2.1666666666666665,2.1875,1.6470588235294117,,D
28,28,2016-09-05,1.8,,1.5294117647058822,1.75,1.9090909090909087,1.4285714285714286,1.5625,1.8,,D
29,29,2016-09-06,1.9,1.75,2.055555555555556,2.1,1.7058823529411764,1.5833333333333333,2.0476190476190474,1.9375,,D
30,30,2016-09-07,1.8125,,1.9090909090909087,1.5454545454545454,1.9166666666666667,2.125,1.8484848484848484,2.129032258064516,,D
31,31,2016-09-08,1.862068965517241,2.333333333333333,1.3571428571428572,1.8571428571428568,1.8571428571428568,2.125,1.9375,1.4838709677419355,,D
32,32,2016-09-09,1.9444444444444444,2.0,1.4285714285714286,1.8,1.8461538461538465,1.7692307692307692,1.9565217391304348,2.0303030303030303,,D
33,33,2016-09-10,2.0,,1.8888888888888888,2.25,1.5,1.6666666666666667,2.235294117647059,2.0769230769230766,,D
34,34,2016-09-11,2.0,1.0,1.6,2.0,1.5,1.6,1.8571428571428568,1.7777777777777777,,D
35,35,2016-09-12,1.681818181818182,2.2,1.6666666666666667,2.25,2.0,1.8888888888888888,1.8,1.880952380952381,,D
36,36,2016-09-13,1.7058823529411764,1.6,1.8333333333333333,2.0,2.0,1.9375,1.8571428571428568,1.9642857142857144,,D
37,37,2016-09-14,1.8421052631578947,2.0,1.7142857142857142,1.7142857142857142,1.875,2.0,2.0,1.5882352941176472,,D
38,38,2016-09-15,2.0526315789473686,2.0,2.0588235294117645,1.6,1.8571428571428568,2.0,2.088235294117647,2.053333333333333,,D
39,39,2016-09-16,1.6666666666666667,1.0,1.7272727272727273,2.125,2.0,2.0,1.851851851851852,2.090909090909091,,D
40,40,2016-09-17,2.2,2.0,1.6470588235294117,2.0,1.8,2.0,2.0,1.9285714285714288,,D
41,41,2016-09-18,1.6,,2.0,1.5,1.6666666666666667,2.0,1.8333333333333333,1.4,,D
42,42,2016-09-19,1.4545454545454546,3.0,1.8387096774193548,2.25,1.6666666666666667,2.0,2.0454545454545454,1.903225806451613,,D
43,43,2016-09-20,2.125,2.0,1.7058823529411764,1.625,1.7,1.8333333333333333,1.9285714285714288,1.6363636363636365,,D
44,44,2016-09-21,1.8666666666666667,,1.5789473684210529,1.25,1.8333333333333333,1.5238095238095235,2.0,2.0,,D
45,45,2016-09-22,1.9523809523809523,2.333333333333333,1.380952380952381,1.7142857142857142,2.1,1.7142857142857142,1.875,1.84375,,D
46,46,2016-09-23,2.0526315789473686,1.5,1.6428571428571428,2.1666666666666665,2.055555555555556,2.083333333333333,2.0,1.9259259259259256,,D
47,47,2016-09-24,1.6363636363636365,2.0,2.0,2.0,2.333333333333333,2.375,1.8461538461538465,2.4285714285714284,,D
48,48,2016-09-25,1.9090909090909087,1.6666666666666667,1.8571428571428568,1.5714285714285714,2.1111111111111107,2.0,1.8333333333333333,2.095238095238096,,D
49,49,2016-09-26,1.9230769230769231,,2.0,1.8571428571428568,1.7777777777777777,1.6153846153846154,1.6666666666666667,1.6296296296296295,,D
50,50,2016-09-27,1.891304347826087,2.0,1.625,2.1111111111111107,1.9,1.7142857142857142,2.0416666666666665,1.8,,D
51,51,2016-09-28,1.6842105263157894,1.5,2.0,2.090909090909091,2.24,2.0,2.0588235294117645,2.0,,D
52,52,2016-09-29,1.5666666666666669,2.0,1.75,1.8,2.0,1.875,1.9166666666666667,1.7647058823529411,,D
53,53,2016-09-30,1.8,1.6666666666666667,1.7,1.9166666666666667,1.7857142857142858,1.9090909090909087,1.5897435897435896,1.8064516129032255,,D
54,54,2016-10-01,1.6470588235294117,2.0,1.5,2.0,3.0,1.7,1.8571428571428568,2.066666666666667,,D
55,55,2016-10-02,2.1111111111111107,2.0,1.8,2.0,1.9090909090909087,2.142857142857143,2.0769230769230766,1.96875,,D
56,56,2016-10-03,2.2857142857142856,2.0,1.8333333333333333,1.6363636363636365,1.6,1.75,2.1,1.9230769230769231,,D
57,57,2016-10-04,1.8823529411764703,1.3333333333333333,1.625,1.5714285714285714,2.0,2.333333333333333,1.8823529411764703,1.9677419354838708,,D
58,58,2016-10-05,2.083333333333333,2.0,2.0,2.0,2.066666666666667,1.9285714285714288,1.818181818181818,1.75,,D
59,59,2016-10-06,2.333333333333333,1.5714285714285714,2.0,2.333333333333333,2.0588235294117645,2.2,1.947368421052632,1.7419354838709675,,D
60,60,2016-10-07,1.9,2.0,1.875,2.25,1.7,2.0,2.071428571428572,1.7931034482758617,,D
61,61,2016-10-08,1.5714285714285714,,1.5,1.3333333333333333,2.0,1.6666666666666667,1.8823529411764703,1.6,,D
62,62,2016-10-09,1.8,2.0,2.0,1.75,1.75,1.6363636363636365,1.9,1.7272727272727273,,D
63,63,2016-10-10,1.7209302325581397,1.5,1.9523809523809523,2.142857142857143,2.0625,1.75,2.0,1.8333333333333333,,D
64,64,2016-10-11,2.025641025641025,1.8,1.8571428571428568,1.75,1.9333333333333331,2.0,1.7727272727272727,1.9,,D
65,65,2016-10-12,1.7,2.0,1.75,1.7,2.090909090909091,1.6666666666666667,1.7391304347826086,2.0588235294117645,,D
66,66,2016-10-13,1.6666666666666667,2.0,1.9090909090909087,1.8333333333333333,2.0,1.75,1.8333333333333333,2.0277777777777777,,D
67,67,2016-10-14,1.7428571428571429,1.6,1.8333333333333333,1.5,1.7,1.8888888888888888,1.5625,1.9210526315789476,,D
68,68,2016-10-15,2.0769230769230766,1.0,1.6,1.5,1.7142857142857142,1.7142857142857142,2.0,1.7272727272727273,,D
69,69,2016-10-16,2.0,,1.5,1.8571428571428568,2.571428571428572,2.0,1.9090909090909087,2.235294117647059,,D
70,70,2016-10-17,1.4761904761904765,2.0,1.8571428571428568,2.5,2.0,1.8461538461538465,1.818181818181818,1.95,,D
71,71,2016-10-18,1.8214285714285716,2.0,1.6666666666666667,1.8333333333333333,1.8235294117647056,1.95,1.88,1.7307692307692308,,D
72,72,2016-10-19,2.25,1.6,1.5416666666666667,1.5,1.5384615384615383,1.7,1.9666666666666663,1.9142857142857144,,D
73,73,2016-10-20,1.945945945945946,2.0,1.681818181818182,1.6,1.8,1.875,2.0,1.7878787878787878,,D
74,74,2016-10-21,1.6428571428571428,2.0,1.6666666666666667,1.6666666666666667,1.8333333333333333,1.6,1.8888888888888888,1.8,,D
75,75,2016-10-22,1.9166666666666667,1.0,2.0,1.75,1.6666666666666667,1.7777777777777777,1.9090909090909087,2.0,,D
76,76,2016-10-23,2.1666666666666665,2.0,2.1111111111111107,1.5,2.1111111111111107,2.142857142857143,1.8333333333333333,1.9629629629629632,,D
77,77,2016-10-24,1.9230769230769231,2.0,1.95,1.875,1.8965517241379308,1.8,1.9333333333333331,1.875,,D
78,78,2016-10-25,2.12,2.0,2.363636363636364,1.6,2.0,1.9230769230769231,1.7777777777777777,1.6551724137931034,,D
79,79,2016-10-26,1.631578947368421,2.25,1.7142857142857142,1.5555555555555556,1.7142857142857142,1.75,1.5,1.807692307692308,,D
80,80,2016-10-27,2.1578947368421053,1.7692307692307692,2.2857142857142856,2.0,2.0,2.25,1.8965517241379308,1.9142857142857144,,D
81,81,2016-10-28,1.88,2.1666666666666665,1.7692307692307692,2.0,1.8,1.8571428571428568,1.75,1.7333333333333334,,D
82,82,2016-10-29,2.235294117647059,1.5,2.142857142857143,2.4,2.0,2.5,2.1111111111111107,1.7692307692307692,,D
83,83,2016-10-30,1.7368421052631582,2.0,2.142857142857143,1.3333333333333333,1.5,2.0,1.9090909090909087,2.272727272727273,,D
84,84,2016-10-31,2.0588235294117645,2.0,1.4444444444444444,1.9375,1.6923076923076923,1.8,1.9285714285714288,1.9555555555555555,,D
85,85,2016-11-01,2.0303030303030303,1.25,1.608695652173913,2.0,1.5384615384615383,1.6,1.7407407407407407,1.627906976744186,,D
86,86,2016-11-02,1.631578947368421,2.0,1.681818181818182,1.8,1.8888888888888888,1.9,1.75,1.5945945945945943,,D
87,87,2016-11-03,1.7,1.8,1.875,2.0,2.090909090909091,2.1875,1.8,1.9259259259259256,,D
88,88,2016-11-04,2.060606060606061,1.0,1.7272727272727273,1.75,1.6666666666666667,1.7857142857142858,1.9333333333333331,1.7941176470588236,,D
89,89,2016-11-05,2.0689655172413794,1.0,2.142857142857143,2.0,2.0,2.0,1.625,1.9,,D
90,90,2016-11-06,1.8611111111111112,2.0,1.6,1.625,1.75,2.1111111111111107,1.5862068965517242,1.8,,D
91,91,2016-11-07,1.8461538461538465,2.0,1.7777777777777777,1.8333333333333333,2.142857142857143,2.0,2.071428571428572,1.9772727272727275,,D
92,92,2016-11-08,2.057142857142857,2.0,2.0,1.75,2.1666666666666665,2.1578947368421053,2.0,2.0,,D
93,93,2008-08-04,,,,,,,,,1.8846153846153848,D
94,94,2008-08-05,,,,,,,,,1.9523809523809523,D
95,95,2008-08-06,,,,,,,,,2.0,D
96,96,2008-08-07,,,,,,,,,1.6538461538461535,D
97,97,2008-08-08,,,,,,,,,1.75,D
98,98,2008-08-09,,,,,,,,,2.0,D
99,99,2008-08-10,,,,,,,,,1.75,D
100,100,2008-08-11,,,,,,,,,1.8846153846153848,D
101,101,2008-08-12,,,,,,,,,1.9230769230769231,D
102,102,2008-08-13,,,,,,,,,2.048780487804878,D
103,103,2008-08-14,,,,,,,,,2.060606060606061,D
104,104,2008-08-15,,,,,,,,,2.2105263157894743,D
105,105,2008-08-16,,,,,,,,,2.2,D
106,106,2008-08-17,,,,,,,,,1.9,D
107,107,2008-08-18,,,,,,,,,1.7391304347826086,D
108,108,2008-08-19,,,,,,,,,2.0,D
109,109,2008-08-20,,,,,,,,,1.96875,D
110,110,2008-08-21,,,,,,,,,1.826086956521739,D
111,111,2008-08-22,,,,,,,,,1.8,D
112,112,2008-08-23,,,,,,,,,1.875,D
113,113,2008-08-24,,,,,,,,,1.5555555555555556,D
114,114,2008-08-25,,,,,,,,,2.0,D
115,115,2008-08-26,,,,,,,,,1.90625,D
116,116,2008-08-27,,,,,,,,,2.0277777777777777,D
117,117,2008-08-28,,,,,,,,,1.9696969696969695,D
118,118,2008-08-29,,,,,,,,,1.92,D
119,119,2008-08-30,,,,,,,,,1.72,D
120,120,2008-08-31,,,,,,,,,1.9230769230769231,D
121,121,2008-09-01,,,,,,,,,1.935483870967742,D
122,122,2008-09-02,,,,,,,,,1.8837209302325584,D
123,123,2008-09-03,,,,,,,,,1.7894736842105263,D
124,124,2008-09-04,,,,,,,,,1.8888888888888888,D
125,125,2008-09-05,,,,,,,,,1.9722222222222223,D
126,126,2008-09-06,,,,,,,,,1.9333333333333331,D
127,127,2008-09-07,,,,,,,,,2.0769230769230766,D
128,128,2008-09-08,,,,,,,,,1.8852459016393444,D
129,129,2008-09-09,,,,,,,,,2.0294117647058822,D
130,130,2008-09-10,,,,,,,,,1.8928571428571428,D
131,131,2008-09-11,,,,,,,,,2.0,D
132,132,2008-09-12,,,,,,,,,2.1142857142857143,D
133,133,2008-09-13,,,,,,,,,2.0,D
134,134,2008-09-14,,,,,,,,,1.8888888888888888,D
135,135,2008-09-15,,,,,,,,,1.7454545454545454,D
136,136,2008-09-16,,,,,,,,,1.9090909090909087,D
137,137,2008-09-17,,,,,,,,,1.7346938775510203,D
138,138,2008-09-18,,,,,,,,,1.9787234042553192,D
139,139,2008-09-19,,,,,,,,,2.037735849056604,D
140,140,2008-09-20,,,,,,,,,1.9444444444444444,D
141,141,2008-09-21,,,,,,,,,1.6428571428571428,D
142,142,2008-09-22,,,,,,,,,1.8787878787878791,D
143,143,2008-09-23,,,,,,,,,1.8644067796610169,D
144,144,2008-09-24,,,,,,,,,1.8979591836734693,D
145,145,2008-09-25,,,,,,,,,1.761904761904762,D
146,146,2008-09-26,,,,,,,,,1.9423076923076923,D
147,147,2008-09-27,,,,,,,,,1.818181818181818,D
148,148,2008-09-28,,,,,,,,,2.0,D
149,149,2008-09-29,,,,,,,,,1.7457627118644068,D
150,150,2008-09-30,,,,,,,,,1.8085106382978724,D
151,151,2008-10-01,,,,,,,,,1.963636363636364,D
152,152,2008-10-02,,,,,,,,,1.9545454545454544,D
153,153,2008-10-03,,,,,,,,,1.9565217391304348,D
154,154,2008-10-04,,,,,,,,,2.0454545454545454,D
155,155,2008-10-05,,,,,,,,,2.0,D
156,156,2008-10-06,,,,,,,,,1.7631578947368418,D
157,157,2008-10-07,,,,,,,,,1.8428571428571427,D
158,158,2008-10-08,,,,,,,,,1.9673913043478264,D
159,159,2008-10-09,,,,,,,,,1.7884615384615383,D
160,160,2008-10-10,,,,,,,,,1.5846153846153843,D
161,161,2008-10-11,,,,,,,,,2.0,D
162,162,2008-10-12,,,,,,,,,1.5,D
163,163,2008-10-13,,,,,,,,,1.984375,D
164,164,2008-10-14,,,,,,,,,1.9333333333333331,D
165,165,2008-10-15,,,,,,,,,1.8,D
166,166,2008-10-16,,,,,,,,,1.6875,D
167,167,2008-10-17,,,,,,,,,2.0,D
168,168,2008-10-18,,,,,,,,,2.0476190476190474,D
169,169,2008-10-19,,,,,,,,,1.75,D
170,170,2008-10-20,,,,,,,,,1.925,D
171,171,2008-10-21,,,,,,,,,1.8064516129032255,D
172,172,2008-10-22,,,,,,,,,2.0,D
173,173,2008-10-23,,,,,,,,,1.9714285714285715,D
174,174,2008-10-24,,,,,,,,,1.843137254901961,D
175,175,2008-10-25,,,,,,,,,1.9230769230769231,D
176,176,2008-10-26,,,,,,,,,2.0,D
177,177,2008-10-27,,,,,,,,,2.21875,D
178,178,2008-10-28,,,,,,,,,2.05,D
179,179,2008-10-29,,,,,,,,,1.862745098039216,D
180,180,2008-10-30,,,,,,,,,1.948717948717949,D
181,181,2008-10-31,,,,,,,,,2.034482758620689,D
182,182,2008-11-01,,,,,,,,,1.7692307692307692,D
183,183,2008-11-02,,,,,,,,,1.96,D
184,184,2008-11-03,,,,,,,,,1.95,D
185,185,2008-11-04,,,,,,,,,1.8461538461538465,D
0,0,2016-08-08,1.9,,1.7142857142857142,2.0,1.4285714285714286,1.375,2.0,1.6875,,R
1,1,2016-08-09,1.68,2.0,1.6923076923076923,1.5,1.9090909090909087,2.0,1.68,1.8125,,R
2,2,2016-08-10,1.6521739130434785,2.0,2.1818181818181817,2.142857142857143,2.142857142857143,2.0,1.55,1.818181818181818,,R
3,3,2016-08-11,1.9629629629629632,2.0,1.7857142857142858,2.0,1.7777777777777777,2.0,1.8888888888888888,2.142857142857143,,R
4,4,2016-08-12,1.6206896551724137,2.0,1.5625,2.5,1.8,1.6111111111111112,1.8666666666666667,1.818181818181818,,R
5,5,2016-08-13,1.75,1.6666666666666667,1.3333333333333333,1.6,2.75,2.0,2.0,2.0,,R
6,6,2016-08-14,2.0,2.0,1.6,1.75,1.8571428571428568,2.125,1.875,2.125,,R
7,7,2016-08-15,1.3333333333333333,1.3333333333333333,2.2142857142857144,1.9166666666666667,2.083333333333333,2.0,1.8888888888888888,2.1578947368421053,,R
8,8,2016-08-16,1.9285714285714288,2.0,1.8333333333333333,1.8571428571428568,2.333333333333333,1.9166666666666667,1.9047619047619049,1.75,,R
9,9,2016-08-17,1.5714285714285714,2.4,1.3333333333333333,1.5,1.875,1.6470588235294117,2.0,1.9,,R
10,10,2016-08-18,1.8571428571428568,,1.8333333333333333,1.3333333333333333,1.8571428571428568,1.7,2.0,1.8,,R
11,11,2016-08-19,1.8125,1.5,2.0,2.0,1.6666666666666667,1.8888888888888888,1.761904761904762,2.0588235294117645,,R
12,12,2016-08-20,1.625,,2.25,2.0,2.2,2.0,2.083333333333333,2.1666666666666665,,R
13,13,2016-08-21,1.6666666666666667,3.0,2.25,1.8,2.1666666666666665,1.375,2.2105263157894743,1.7894736842105263,,R
14,14,2016-08-22,1.818181818181818,1.3333333333333333,2.0,1.4,1.75,1.8571428571428568,1.9166666666666667,1.8636363636363635,,R
15,15,2016-08-23,2.125,2.0,1.3333333333333333,2.25,1.5555555555555556,1.7,1.8,2.0,,R
16,16,2016-08-24,2.0,,2.0,2.75,2.0,1.8,1.818181818181818,1.7368421052631582,,R
17,17,2016-08-25,1.5294117647058822,1.3333333333333333,1.7647058823529411,1.4,1.818181818181818,1.9090909090909087,2.0526315789473686,1.9285714285714288,,R
18,18,2016-08-26,1.8461538461538465,,1.9,2.0,1.8,1.7142857142857142,1.8125,1.7272727272727273,,R
19,19,2016-08-27,1.6666666666666667,2.0,2.0,1.6666666666666667,2.0,2.125,2.0,1.6,,R
20,20,2016-08-28,1.8,1.6666666666666667,1.5,2.0,2.0,2.0,2.1818181818181817,2.090909090909091,,R
21,21,2016-08-29,1.8333333333333333,2.0,1.6666666666666667,2.25,1.8888888888888888,2.0769230769230766,1.7857142857142858,1.7241379310344829,,R
22,22,2016-08-30,2.4444444444444446,1.6,1.8666666666666667,2.071428571428572,1.8888888888888888,2.0526315789473686,1.85,1.95,,R
23,23,2016-08-31,1.88,2.0,1.7804878048780488,1.6666666666666667,1.8888888888888888,1.9523809523809523,1.8823529411764703,1.8,,R
24,24,2016-09-01,1.7222222222222223,1.5,1.7272727272727273,2.142857142857143,2.1111111111111107,1.8823529411764703,2.0,2.0,,R
25,25,2016-09-02,1.9375,2.0,1.9230769230769231,1.75,1.8461538461538465,1.8333333333333333,1.8965517241379308,1.818181818181818,,R
26,26,2016-09-03,2.0,1.0,1.8571428571428568,1.75,2.0,2.25,2.4,2.0,,R
27,27,2016-09-04,2.3846153846153846,2.0,1.8571428571428568,2.0,1.8333333333333333,2.1666666666666665,2.1875,1.6470588235294117,,R
28,28,2016-09-05,1.8,,1.5294117647058822,1.75,1.9090909090909087,1.4285714285714286,1.5625,1.8,,R
29,29,2016-09-06,1.9,1.75,2.055555555555556,2.1,1.7058823529411764,1.5833333333333333,2.0476190476190474,1.9375,,R
30,30,2016-09-07,1.8125,,1.9090909090909087,1.5454545454545454,1.9166666666666667,2.125,1.8484848484848484,2.129032258064516,,R
31,31,2016-09-08,1.862068965517241,2.333333333333333,1.3571428571428572,1.8571428571428568,1.8571428571428568,2.125,1.9375,1.4838709677419355,,R
32,32,2016-09-09,1.9444444444444444,2.0,1.4285714285714286,1.8,1.8461538461538465,1.7692307692307692,1.9565217391304348,2.0303030303030303,,R
33,33,2016-09-10,2.0,,1.8888888888888888,2.25,1.5,1.6666666666666667,2.235294117647059,2.0769230769230766,,R
34,34,2016-09-11,2.0,1.0,1.6,2.0,1.5,1.6,1.8571428571428568,1.7777777777777777,,R
35,35,2016-09-12,1.681818181818182,2.2,1.6666666666666667,2.25,2.0,1.8888888888888888,1.8,1.880952380952381,,R
36,36,2016-09-13,1.7058823529411764,1.6,1.8333333333333333,2.0,2.0,1.9375,1.8571428571428568,1.9642857142857144,,R
37,37,2016-09-14,1.8421052631578947,2.0,1.7142857142857142,1.7142857142857142,1.875,2.0,2.0,1.5882352941176472,,R
38,38,2016-09-15,2.0526315789473686,2.0,2.0588235294117645,1.6,1.8571428571428568,2.0,2.088235294117647,2.053333333333333,,R
39,39,2016-09-16,1.6666666666666667,1.0,1.7272727272727273,2.125,2.0,2.0,1.851851851851852,2.090909090909091,,R
40,40,2016-09-17,2.2,2.0,1.6470588235294117,2.0,1.8,2.0,2.0,1.9285714285714288,,R
41,41,2016-09-18,1.6,,2.0,1.5,1.6666666666666667,2.0,1.8333333333333333,1.4,,R
42,42,2016-09-19,1.4545454545454546,3.0,1.8387096774193548,2.25,1.6666666666666667,2.0,2.0454545454545454,1.903225806451613,,R
43,43,2016-09-20,2.125,2.0,1.7058823529411764,1.625,1.7,1.8333333333333333,1.9285714285714288,1.6363636363636365,,R
44,44,2016-09-21,1.8666666666666667,,1.5789473684210529,1.25,1.8333333333333333,1.5238095238095235,2.0,2.0,,R
45,45,2016-09-22,1.9523809523809523,2.333333333333333,1.380952380952381,1.7142857142857142,2.1,1.7142857142857142,1.875,1.84375,,R
46,46,2016-09-23,2.0526315789473686,1.5,1.6428571428571428,2.1666666666666665,2.055555555555556,2.083333333333333,2.0,1.9259259259259256,,R
47,47,2016-09-24,1.6363636363636365,2.0,2.0,2.0,2.333333333333333,2.375,1.8461538461538465,2.4285714285714284,,R
48,48,2016-09-25,1.9090909090909087,1.6666666666666667,1.8571428571428568,1.5714285714285714,2.1111111111111107,2.0,1.8333333333333333,2.095238095238096,,R
49,49,2016-09-26,1.9230769230769231,,2.0,1.8571428571428568,1.7777777777777777,1.6153846153846154,1.6666666666666667,1.6296296296296295,,R
50,50,2016-09-27,1.891304347826087,2.0,1.625,2.1111111111111107,1.9,1.7142857142857142,2.0416666666666665,1.8,,R
51,51,2016-09-28,1.6842105263157894,1.5,2.0,2.090909090909091,2.24,2.0,2.0588235294117645,2.0,,R
52,52,2016-09-29,1.5666666666666669,2.0,1.75,1.8,2.0,1.875,1.9166666666666667,1.7647058823529411,,R
53,53,2016-09-30,1.8,1.6666666666666667,1.7,1.9166666666666667,1.7857142857142858,1.9090909090909087,1.5897435897435896,1.8064516129032255,,R
54,54,2016-10-01,1.6470588235294117,2.0,1.5,2.0,3.0,1.7,1.8571428571428568,2.066666666666667,,R
55,55,2016-10-02,2.1111111111111107,2.0,1.8,2.0,1.9090909090909087,2.142857142857143,2.0769230769230766,1.96875,,R
56,56,2016-10-03,2.2857142857142856,2.0,1.8333333333333333,1.6363636363636365,1.6,1.75,2.1,1.9230769230769231,,R
57,57,2016-10-04,1.8823529411764703,1.3333333333333333,1.625,1.5714285714285714,2.0,2.333333333333333,1.8823529411764703,1.9677419354838708,,R
58,58,2016-10-05,2.083333333333333,2.0,2.0,2.0,2.066666666666667,1.9285714285714288,1.818181818181818,1.75,,R
59,59,2016-10-06,2.333333333333333,1.5714285714285714,2.0,2.333333333333333,2.0588235294117645,2.2,1.947368421052632,1.7419354838709675,,R
60,60,2016-10-07,1.9,2.0,1.875,2.25,1.7,2.0,2.071428571428572,1.7931034482758617,,R
61,61,2016-10-08,1.5714285714285714,,1.5,1.3333333333333333,2.0,1.6666666666666667,1.8823529411764703,1.6,,R
62,62,2016-10-09,1.8,2.0,2.0,1.75,1.75,1.6363636363636365,1.9,1.7272727272727273,,R
63,63,2016-10-10,1.7209302325581397,1.5,1.9523809523809523,2.142857142857143,2.0625,1.75,2.0,1.8333333333333333,,R
64,64,2016-10-11,2.025641025641025,1.8,1.8571428571428568,1.75,1.9333333333333331,2.0,1.7727272727272727,1.9,,R
65,65,2016-10-12,1.7,2.0,1.75,1.7,2.090909090909091,1.6666666666666667,1.7391304347826086,2.0588235294117645,,R
66,66,2016-10-13,1.6666666666666667,2.0,1.9090909090909087,1.8333333333333333,2.0,1.75,1.8333333333333333,2.0277777777777777,,R
67,67,2016-10-14,1.7428571428571429,1.6,1.8333333333333333,1.5,1.7,1.8888888888888888,1.5625,1.9210526315789476,,R
68,68,2016-10-15,2.0769230769230766,1.0,1.6,1.5,1.7142857142857142,1.7142857142857142,2.0,1.7272727272727273,,R
69,69,2016-10-16,2.0,,1.5,1.8571428571428568,2.571428571428572,2.0,1.9090909090909087,2.235294117647059,,R
70,70,2016-10-17,1.4761904761904765,2.0,1.8571428571428568,2.5,2.0,1.8461538461538465,1.818181818181818,1.95,,R
71,71,2016-10-18,1.8214285714285716,2.0,1.6666666666666667,1.8333333333333333,1.8235294117647056,1.95,1.88,1.7307692307692308,,R
72,72,2016-10-19,2.25,1.6,1.5416666666666667,1.5,1.5384615384615383,1.7,1.9666666666666663,1.9142857142857144,,R
73,73,2016-10-20,1.945945945945946,2.0,1.681818181818182,1.6,1.8,1.875,2.0,1.7878787878787878,,R
74,74,2016-10-21,1.6428571428571428,2.0,1.6666666666666667,1.6666666666666667,1.8333333333333333,1.6,1.8888888888888888,1.8,,R
75,75,2016-10-22,1.9166666666666667,1.0,2.0,1.75,1.6666666666666667,1.7777777777777777,1.9090909090909087,2.0,,R
76,76,2016-10-23,2.1666666666666665,2.0,2.1111111111111107,1.5,2.1111111111111107,2.142857142857143,1.8333333333333333,1.9629629629629632,,R
77,77,2016-10-24,1.9230769230769231,2.0,1.95,1.875,1.8965517241379308,1.8,1.9333333333333331,1.875,,R
78,78,2016-10-25,2.12,2.0,2.363636363636364,1.6,2.0,1.9230769230769231,1.7777777777777777,1.6551724137931034,,R
79,79,2016-10-26,1.631578947368421,2.25,1.7142857142857142,1.5555555555555556,1.7142857142857142,1.75,1.5,1.807692307692308,,R
80,80,2016-10-27,2.1578947368421053,1.7692307692307692,2.2857142857142856,2.0,2.0,2.25,1.8965517241379308,1.9142857142857144,,R
81,81,2016-10-28,1.88,2.1666666666666665,1.7692307692307692,2.0,1.8,1.8571428571428568,1.75,1.7333333333333334,,R
82,82,2016-10-29,2.235294117647059,1.5,2.142857142857143,2.4,2.0,2.5,2.1111111111111107,1.7692307692307692,,R
83,83,2016-10-30,1.7368421052631582,2.0,2.142857142857143,1.3333333333333333,1.5,2.0,1.9090909090909087,2.272727272727273,,R
84,84,2016-10-31,2.0588235294117645,2.0,1.4444444444444444,1.9375,1.6923076923076923,1.8,1.9285714285714288,1.9555555555555555,,R
85,85,2016-11-01,2.0303030303030303,1.25,1.608695652173913,2.0,1.5384615384615383,1.6,1.7407407407407407,1.627906976744186,,R
86,86,2016-11-02,1.631578947368421,2.0,1.681818181818182,1.8,1.8888888888888888,1.9,1.75,1.5945945945945943,,R
87,87,2016-11-03,1.7,1.8,1.875,2.0,2.090909090909091,2.1875,1.8,1.9259259259259256,,R
88,88,2016-11-04,2.060606060606061,1.0,1.7272727272727273,1.75,1.6666666666666667,1.7857142857142858,1.9333333333333331,1.7941176470588236,,R
89,89,2016-11-05,2.0689655172413794,1.0,2.142857142857143,2.0,2.0,2.0,1.625,1.9,,R
90,90,2016-11-06,1.8611111111111112,2.0,1.6,1.625,1.75,2.1111111111111107,1.5862068965517242,1.8,,R
91,91,2016-11-07,1.8461538461538465,2.0,1.7777777777777777,1.8333333333333333,2.142857142857143,2.0,2.071428571428572,1.9772727272727275,,R
92,92,2016-11-08,2.057142857142857,2.0,2.0,1.75,2.1666666666666665,2.1578947368421053,2.0,2.0,,R
93,93,2004-08-02,,,,,,,,,1.9230769230769231,R
94,94,2004-08-03,,,,,,,,,2.090909090909091,R
95,95,2004-08-04,,,,,,,,,2.1,R
96,96,2004-08-05,,,,,,,,,2.1666666666666665,R
97,97,2004-08-06,,,,,,,,,1.875,R
98,98,2004-08-07,,,,,,,,,1.9166666666666667,R
99,99,2004-08-08,,,,,,,,,2.0,R
100,100,2004-08-09,,,,,,,,,1.8333333333333333,R
101,101,2004-08-10,,,,,,,,,2.2,R
102,102,2004-08-11,,,,,,,,,2.0,R
103,103,2004-08-12,,,,,,,,,2.1666666666666665,R
104,104,2004-08-13,,,,,,,,,2.0,R
105,105,2004-08-14,,,,,,,,,1.8571428571428568,R
106,106,2004-08-15,,,,,,,,,1.8333333333333333,R
107,107,2004-08-16,,,,,,,,,1.875,R
108,108,2004-08-17,,,,,,,,,2.090909090909091,R
109,109,2004-08-18,,,,,,,,,2.0,R
110,110,2004-08-19,,,,,,,,,2.0454545454545454,R
111,111,2004-08-20,,,,,,,,,1.8235294117647056,R
112,112,2004-08-21,,,,,,,,,2.0,R
113,113,2004-08-22,,,,,,,,,2.0,R
114,114,2004-08-23,,,,,,,,,2.0,R
115,115,2004-08-24,,,,,,,,,1.947368421052632,R
116,116,2004-08-25,,,,,,,,,2.0,R
117,117,2004-08-26,,,,,,,,,2.0,R
118,118,2004-08-27,,,,,,,,,2.4285714285714284,R
119,119,2004-08-28,,,,,,,,,2.117647058823529,R
120,120,2004-08-29,,,,,,,,,2.25,R
121,121,2004-08-30,,,,,,,,,2.333333333333333,R
122,122,2004-08-31,,,,,,,,,1.75,R
123,123,2004-09-01,,,,,,,,,1.8235294117647056,R
124,124,2004-09-02,,,,,,,,,1.8947368421052633,R
125,125,2004-09-03,,,,,,,,,1.7391304347826086,R
126,126,2004-09-04,,,,,,,,,2.066666666666667,R
127,127,2004-09-05,,,,,,,,,2.0,R
128,128,2004-09-06,,,,,,,,,1.8666666666666667,R
129,129,2004-09-07,,,,,,,,,1.9333333333333331,R
130,130,2004-09-08,,,,,,,,,2.0869565217391304,R
131,131,2004-09-09,,,,,,,,,2.12,R
132,132,2004-09-10,,,,,,,,,1.9444444444444444,R
133,133,2004-09-11,,,,,,,,,1.7333333333333334,R
134,134,2004-09-12,,,,,,,,,1.8333333333333333,R
135,135,2004-09-13,,,,,,,,,1.7333333333333334,R
136,136,2004-09-14,,,,,,,,,2.1052631578947367,R
137,137,2004-09-15,,,,,,,,,1.8,R
138,138,2004-09-16,,,,,,,,,1.9333333333333331,R
139,139,2004-09-17,,,,,,,,,2.0,R
140,140,2004-09-18,,,,,,,,,1.8571428571428568,R
141,141,2004-09-19,,,,,,,,,2.0,R
142,142,2004-09-20,,,,,,,,,2.0,R
143,143,2004-09-21,,,,,,,,,1.9722222222222223,R
144,144,2004-09-22,,,,,,,,,1.9090909090909087,R
145,145,2004-09-23,,,,,,,,,1.9523809523809523,R
146,146,2004-09-24,,,,,,,,,1.8333333333333333,R
147,147,2004-09-25,,,,,,,,,1.8333333333333333,R
148,148,2004-09-26,,,,,,,,,2.0,R
149,149,2004-09-27,,,,,,,,,2.25,R
150,150,2004-09-28,,,,,,,,,2.0,R
151,151,2004-09-29,,,,,,,,,1.9411764705882355,R
152,152,2004-09-30,,,,,,,,,1.625,R
153,153,2004-10-01,,,,,,,,,2.0434782608695654,R
154,154,2004-10-02,,,,,,,,,1.9285714285714288,R
155,155,2004-10-03,,,,,,,,,2.0,R
156,156,2004-10-04,,,,,,,,,1.85,R
157,157,2004-10-05,,,,,,,,,1.7857142857142858,R
158,158,2004-10-06,,,,,,,,,1.9375,R
159,159,2004-10-07,,,,,,,,,2.25,R
160,160,2004-10-08,,,,,,,,,1.7777777777777777,R
161,161,2004-10-09,,,,,,,,,1.8333333333333333,R
162,162,2004-10-10,,,,,,,,,2.0,R
163,163,2004-10-11,,,,,,,,,2.0,R
164,164,2004-10-12,,,,,,,,,1.818181818181818,R
165,165,2004-10-13,,,,,,,,,2.090909090909091,R
166,166,2004-10-14,,,,,,,,,1.7241379310344829,R
167,167,2004-10-15,,,,,,,,,2.1,R
168,168,2004-10-16,,,,,,,,,2.0,R
169,169,2004-10-17,,,,,,,,,1.75,R
170,170,2004-10-18,,,,,,,,,1.7,R
171,171,2004-10-19,,,,,,,,,2.117647058823529,R
172,172,2004-10-20,,,,,,,,,1.9230769230769231,R
173,173,2004-10-21,,,,,,,,,1.9,R
174,174,2004-10-22,,,,,,,,,2.0588235294117645,R
175,175,2004-10-23,,,,,,,,,2.1538461538461537,R
176,176,2004-10-24,,,,,,,,,2.0,R
177,177,2004-10-25,,,,,,,,,2.0,R
178,178,2004-10-26,,,,,,,,,2.0,R
179,179,2004-10-27,,,,,,,,,1.8571428571428568,R
180,180,2004-10-28,,,,,,,,,1.7333333333333334,R
181,181,2004-10-29,,,,,,,,,2.071428571428572,R
182,182,2004-10-30,,,,,,,,,1.818181818181818,R
183,183,2004-10-31,,,,,,,,,2.0,R
184,184,2004-11-01,,,,,,,,,2.0,R
185,185,2004-11-02,,,,,,,,,1.8333333333333333,R
0,0,2016-08-08,1.9,,1.7142857142857142,2.0,1.4285714285714286,1.375,2.0,1.6875,,R
1,1,2016-08-09,1.68,2.0,1.6923076923076923,1.5,1.9090909090909087,2.0,1.68,1.8125,,R
2,2,2016-08-10,1.6521739130434785,2.0,2.1818181818181817,2.142857142857143,2.142857142857143,2.0,1.55,1.818181818181818,,R
3,3,2016-08-11,1.9629629629629632,2.0,1.7857142857142858,2.0,1.7777777777777777,2.0,1.8888888888888888,2.142857142857143,,R
4,4,2016-08-12,1.6206896551724137,2.0,1.5625,2.5,1.8,1.6111111111111112,1.8666666666666667,1.818181818181818,,R
5,5,2016-08-13,1.75,1.6666666666666667,1.3333333333333333,1.6,2.75,2.0,2.0,2.0,,R
6,6,2016-08-14,2.0,2.0,1.6,1.75,1.8571428571428568,2.125,1.875,2.125,,R
7,7,2016-08-15,1.3333333333333333,1.3333333333333333,2.2142857142857144,1.9166666666666667,2.083333333333333,2.0,1.8888888888888888,2.1578947368421053,,R
8,8,2016-08-16,1.9285714285714288,2.0,1.8333333333333333,1.8571428571428568,2.333333333333333,1.9166666666666667,1.9047619047619049,1.75,,R
9,9,2016-08-17,1.5714285714285714,2.4,1.3333333333333333,1.5,1.875,1.6470588235294117,2.0,1.9,,R
10,10,2016-08-18,1.8571428571428568,,1.8333333333333333,1.3333333333333333,1.8571428571428568,1.7,2.0,1.8,,R
11,11,2016-08-19,1.8125,1.5,2.0,2.0,1.6666666666666667,1.8888888888888888,1.761904761904762,2.0588235294117645,,R
12,12,2016-08-20,1.625,,2.25,2.0,2.2,2.0,2.083333333333333,2.1666666666666665,,R
13,13,2016-08-21,1.6666666666666667,3.0,2.25,1.8,2.1666666666666665,1.375,2.2105263157894743,1.7894736842105263,,R
14,14,2016-08-22,1.818181818181818,1.3333333333333333,2.0,1.4,1.75,1.8571428571428568,1.9166666666666667,1.8636363636363635,,R
15,15,2016-08-23,2.125,2.0,1.3333333333333333,2.25,1.5555555555555556,1.7,1.8,2.0,,R
16,16,2016-08-24,2.0,,2.0,2.75,2.0,1.8,1.818181818181818,1.7368421052631582,,R
17,17,2016-08-25,1.5294117647058822,1.3333333333333333,1.7647058823529411,1.4,1.818181818181818,1.9090909090909087,2.0526315789473686,1.9285714285714288,,R
18,18,2016-08-26,1.8461538461538465,,1.9,2.0,1.8,1.7142857142857142,1.8125,1.7272727272727273,,R
19,19,2016-08-27,1.6666666666666667,2.0,2.0,1.6666666666666667,2.0,2.125,2.0,1.6,,R
20,20,2016-08-28,1.8,1.6666666666666667,1.5,2.0,2.0,2.0,2.1818181818181817,2.090909090909091,,R
21,21,2016-08-29,1.8333333333333333,2.0,1.6666666666666667,2.25,1.8888888888888888,2.0769230769230766,1.7857142857142858,1.7241379310344829,,R
22,22,2016-08-30,2.4444444444444446,1.6,1.8666666666666667,2.071428571428572,1.8888888888888888,2.0526315789473686,1.85,1.95,,R
23,23,2016-08-31,1.88,2.0,1.7804878048780488,1.6666666666666667,1.8888888888888888,1.9523809523809523,1.8823529411764703,1.8,,R
24,24,2016-09-01,1.7222222222222223,1.5,1.7272727272727273,2.142857142857143,2.1111111111111107,1.8823529411764703,2.0,2.0,,R
25,25,2016-09-02,1.9375,2.0,1.9230769230769231,1.75,1.8461538461538465,1.8333333333333333,1.8965517241379308,1.818181818181818,,R
26,26,2016-09-03,2.0,1.0,1.8571428571428568,1.75,2.0,2.25,2.4,2.0,,R
27,27,2016-09-04,2.3846153846153846,2.0,1.8571428571428568,2.0,1.8333333333333333,2.1666666666666665,2.1875,1.6470588235294117,,R
28,28,2016-09-05,1.8,,1.5294117647058822,1.75,1.9090909090909087,1.4285714285714286,1.5625,1.8,,R
29,29,2016-09-06,1.9,1.75,2.055555555555556,2.1,1.7058823529411764,1.5833333333333333,2.0476190476190474,1.9375,,R
30,30,2016-09-07,1.8125,,1.9090909090909087,1.5454545454545454,1.9166666666666667,2.125,1.8484848484848484,2.129032258064516,,R
31,31,2016-09-08,1.862068965517241,2.333333333333333,1.3571428571428572,1.8571428571428568,1.8571428571428568,2.125,1.9375,1.4838709677419355,,R
32,32,2016-09-09,1.9444444444444444,2.0,1.4285714285714286,1.8,1.8461538461538465,1.7692307692307692,1.9565217391304348,2.0303030303030303,,R
33,33,2016-09-10,2.0,,1.8888888888888888,2.25,1.5,1.6666666666666667,2.235294117647059,2.0769230769230766,,R
34,34,2016-09-11,2.0,1.0,1.6,2.0,1.5,1.6,1.8571428571428568,1.7777777777777777,,R
35,35,2016-09-12,1.681818181818182,2.2,1.6666666666666667,2.25,2.0,1.8888888888888888,1.8,1.880952380952381,,R
36,36,2016-09-13,1.7058823529411764,1.6,1.8333333333333333,2.0,2.0,1.9375,1.8571428571428568,1.9642857142857144,,R
37,37,2016-09-14,1.8421052631578947,2.0,1.7142857142857142,1.7142857142857142,1.875,2.0,2.0,1.5882352941176472,,R
38,38,2016-09-15,2.0526315789473686,2.0,2.0588235294117645,1.6,1.8571428571428568,2.0,2.088235294117647,2.053333333333333,,R
39,39,2016-09-16,1.6666666666666667,1.0,1.7272727272727273,2.125,2.0,2.0,1.851851851851852,2.090909090909091,,R
40,40,2016-09-17,2.2,2.0,1.6470588235294117,2.0,1.8,2.0,2.0,1.9285714285714288,,R
41,41,2016-09-18,1.6,,2.0,1.5,1.6666666666666667,2.0,1.8333333333333333,1.4,,R
42,42,2016-09-19,1.4545454545454546,3.0,1.8387096774193548,2.25,1.6666666666666667,2.0,2.0454545454545454,1.903225806451613,,R
43,43,2016-09-20,2.125,2.0,1.7058823529411764,1.625,1.7,1.8333333333333333,1.9285714285714288,1.6363636363636365,,R
44,44,2016-09-21,1.8666666666666667,,1.5789473684210529,1.25,1.8333333333333333,1.5238095238095235,2.0,2.0,,R
45,45,2016-09-22,1.9523809523809523,2.333333333333333,1.380952380952381,1.7142857142857142,2.1,1.7142857142857142,1.875,1.84375,,R
46,46,2016-09-23,2.0526315789473686,1.5,1.6428571428571428,2.1666666666666665,2.055555555555556,2.083333333333333,2.0,1.9259259259259256,,R
47,47,2016-09-24,1.6363636363636365,2.0,2.0,2.0,2.333333333333333,2.375,1.8461538461538465,2.4285714285714284,,R
48,48,2016-09-25,1.9090909090909087,1.6666666666666667,1.8571428571428568,1.5714285714285714,2.1111111111111107,2.0,1.8333333333333333,2.095238095238096,,R
49,49,2016-09-26,1.9230769230769231,,2.0,1.8571428571428568,1.7777777777777777,1.6153846153846154,1.6666666666666667,1.6296296296296295,,R
50,50,2016-09-27,1.891304347826087,2.0,1.625,2.1111111111111107,1.9,1.7142857142857142,2.0416666666666665,1.8,,R
51,51,2016-09-28,1.6842105263157894,1.5,2.0,2.090909090909091,2.24,2.0,2.0588235294117645,2.0,,R
52,52,2016-09-29,1.5666666666666669,2.0,1.75,1.8,2.0,1.875,1.9166666666666667,1.7647058823529411,,R
53,53,2016-09-30,1.8,1.6666666666666667,1.7,1.9166666666666667,1.7857142857142858,1.9090909090909087,1.5897435897435896,1.8064516129032255,,R
54,54,2016-10-01,1.6470588235294117,2.0,1.5,2.0,3.0,1.7,1.8571428571428568,2.066666666666667,,R
55,55,2016-10-02,2.1111111111111107,2.0,1.8,2.0,1.9090909090909087,2.142857142857143,2.0769230769230766,1.96875,,R
56,56,2016-10-03,2.2857142857142856,2.0,1.8333333333333333,1.6363636363636365,1.6,1.75,2.1,1.9230769230769231,,R
57,57,2016-10-04,1.8823529411764703,1.3333333333333333,1.625,1.5714285714285714,2.0,2.333333333333333,1.8823529411764703,1.9677419354838708,,R
58,58,2016-10-05,2.083333333333333,2.0,2.0,2.0,2.066666666666667,1.9285714285714288,1.818181818181818,1.75,,R
59,59,2016-10-06,2.333333333333333,1.5714285714285714,2.0,2.333333333333333,2.0588235294117645,2.2,1.947368421052632,1.7419354838709675,,R
60,60,2016-10-07,1.9,2.0,1.875,2.25,1.7,2.0,2.071428571428572,1.7931034482758617,,R
61,61,2016-10-08,1.5714285714285714,,1.5,1.3333333333333333,2.0,1.6666666666666667,1.8823529411764703,1.6,,R
62,62,2016-10-09,1.8,2.0,2.0,1.75,1.75,1.6363636363636365,1.9,1.7272727272727273,,R
63,63,2016-10-10,1.7209302325581397,1.5,1.9523809523809523,2.142857142857143,2.0625,1.75,2.0,1.8333333333333333,,R
64,64,2016-10-11,2.025641025641025,1.8,1.8571428571428568,1.75,1.9333333333333331,2.0,1.7727272727272727,1.9,,R
65,65,2016-10-12,1.7,2.0,1.75,1.7,2.090909090909091,1.6666666666666667,1.7391304347826086,2.0588235294117645,,R
66,66,2016-10-13,1.6666666666666667,2.0,1.9090909090909087,1.8333333333333333,2.0,1.75,1.8333333333333333,2.0277777777777777,,R
67,67,2016-10-14,1.7428571428571429,1.6,1.8333333333333333,1.5,1.7,1.8888888888888888,1.5625,1.9210526315789476,,R
68,68,2016-10-15,2.0769230769230766,1.0,1.6,1.5,1.7142857142857142,1.7142857142857142,2.0,1.7272727272727273,,R
69,69,2016-10-16,2.0,,1.5,1.8571428571428568,2.571428571428572,2.0,1.9090909090909087,2.235294117647059,,R
70,70,2016-10-17,1.4761904761904765,2.0,1.8571428571428568,2.5,2.0,1.8461538461538465,1.818181818181818,1.95,,R
71,71,2016-10-18,1.8214285714285716,2.0,1.6666666666666667,1.8333333333333333,1.8235294117647056,1.95,1.88,1.7307692307692308,,R
72,72,2016-10-19,2.25,1.6,1.5416666666666667,1.5,1.5384615384615383,1.7,1.9666666666666663,1.9142857142857144,,R
73,73,2016-10-20,1.945945945945946,2.0,1.681818181818182,1.6,1.8,1.875,2.0,1.7878787878787878,,R
74,74,2016-10-21,1.6428571428571428,2.0,1.6666666666666667,1.6666666666666667,1.8333333333333333,1.6,1.8888888888888888,1.8,,R
75,75,2016-10-22,1.9166666666666667,1.0,2.0,1.75,1.6666666666666667,1.7777777777777777,1.9090909090909087,2.0,,R
76,76,2016-10-23,2.1666666666666665,2.0,2.1111111111111107,1.5,2.1111111111111107,2.142857142857143,1.8333333333333333,1.9629629629629632,,R
77,77,2016-10-24,1.9230769230769231,2.0,1.95,1.875,1.8965517241379308,1.8,1.9333333333333331,1.875,,R
78,78,2016-10-25,2.12,2.0,2.363636363636364,1.6,2.0,1.9230769230769231,1.7777777777777777,1.6551724137931034,,R
79,79,2016-10-26,1.631578947368421,2.25,1.7142857142857142,1.5555555555555556,1.7142857142857142,1.75,1.5,1.807692307692308,,R
80,80,2016-10-27,2.1578947368421053,1.7692307692307692,2.2857142857142856,2.0,2.0,2.25,1.8965517241379308,1.9142857142857144,,R
81,81,2016-10-28,1.88,2.1666666666666665,1.7692307692307692,2.0,1.8,1.8571428571428568,1.75,1.7333333333333334,,R
82,82,2016-10-29,2.235294117647059,1.5,2.142857142857143,2.4,2.0,2.5,2.1111111111111107,1.7692307692307692,,R
83,83,2016-10-30,1.7368421052631582,2.0,2.142857142857143,1.3333333333333333,1.5,2.0,1.9090909090909087,2.272727272727273,,R
84,84,2016-10-31,2.0588235294117645,2.0,1.4444444444444444,1.9375,1.6923076923076923,1.8,1.9285714285714288,1.9555555555555555,,R
85,85,2016-11-01,2.0303030303030303,1.25,1.608695652173913,2.0,1.5384615384615383,1.6,1.7407407407407407,1.627906976744186,,R
86,86,2016-11-02,1.631578947368421,2.0,1.681818181818182,1.8,1.8888888888888888,1.9,1.75,1.5945945945945943,,R
87,87,2016-11-03,1.7,1.8,1.875,2.0,2.090909090909091,2.1875,1.8,1.9259259259259256,,R
88,88,2016-11-04,2.060606060606061,1.0,1.7272727272727273,1.75,1.6666666666666667,1.7857142857142858,1.9333333333333331,1.7941176470588236,,R
89,89,2016-11-05,2.0689655172413794,1.0,2.142857142857143,2.0,2.0,2.0,1.625,1.9,,R
90,90,2016-11-06,1.8611111111111112,2.0,1.6,1.625,1.75,2.1111111111111107,1.5862068965517242,1.8,,R
91,91,2016-11-07,1.8461538461538465,2.0,1.7777777777777777,1.8333333333333333,2.142857142857143,2.0,2.071428571428572,1.9772727272727275,,R
92,92,2016-11-08,2.057142857142857,2.0,2.0,1.75,2.1666666666666665,2.1578947368421053,2.0,2.0,,R
93,93,2000-08-07,,,,,,,,,2.0,R
94,94,2000-08-08,,,,,,,,,2.0,R
95,95,2000-08-09,,,,,,,,,2.0,R
96,96,2000-08-10,,,,,,,,,2.0,R
97,97,2000-08-11,,,,,,,,,2.0,R
98,98,2000-08-12,,,,,,,,,1.7142857142857142,R
99,99,2000-08-13,,,,,,,,,2.2857142857142856,R
100,100,2000-08-14,,,,,,,,,1.75,R
101,101,2000-08-15,,,,,,,,,2.0,R
102,102,2000-08-16,,,,,,,,,2.090909090909091,R
103,103,2000-08-17,,,,,,,,,2.0,R
104,104,2000-08-18,,,,,,,,,2.0,R
105,105,2000-08-19,,,,,,,,,1.8636363636363635,R
106,106,2000-08-20,,,,,,,,,2.0,R
107,107,2000-08-21,,,,,,,,,2.0,R
108,108,2000-08-22,,,,,,,,,1.8333333333333333,R
109,109,2000-08-23,,,,,,,,,1.8,R
110,110,2000-08-24,,,,,,,,,1.7777777777777777,R
111,111,2000-08-25,,,,,,,,,1.0,R
112,112,2000-08-26,,,,,,,,,2.0,R
113,113,2000-08-27,,,,,,,,,1.8666666666666667,R
114,114,2000-08-28,,,,,,,,,2.0,R
115,115,2000-08-29,,,,,,,,,1.9230769230769231,R
116,116,2000-08-30,,,,,,,,,2.0,R
117,117,2000-08-31,,,,,,,,,2.0,R
118,118,2000-09-01,,,,,,,,,1.9583333333333333,R
119,119,2000-09-02,,,,,,,,,2.2857142857142856,R
120,120,2000-09-03,,,,,,,,,1.818181818181818,R
121,121,2000-09-04,,,,,,,,,2.0,R
122,122,2000-09-05,,,,,,,,,2.1818181818181817,R
123,123,2000-09-06,,,,,,,,,2.1111111111111107,R
124,124,2000-09-07,,,,,,,,,2.0,R
125,125,2000-09-08,,,,,,,,,2.0,R
126,126,2000-09-09,,,,,,,,,1.5,R
127,127,2000-09-10,,,,,,,,,1.9090909090909087,R
128,128,2000-09-11,,,,,,,,,2.0,R
129,129,2000-09-12,,,,,,,,,2.0,R
130,130,2000-09-13,,,,,,,,,1.9090909090909087,R
131,131,2000-09-14,,,,,,,,,1.9047619047619049,R
132,132,2000-09-15,,,,,,,,,1.8823529411764703,R
133,133,2000-09-16,,,,,,,,,1.8666666666666667,R
134,134,2000-09-17,,,,,,,,,2.0,R
135,135,2000-09-18,,,,,,,,,2.1666666666666665,R
136,136,2000-09-19,,,,,,,,,1.95,R
137,137,2000-09-20,,,,,,,,,1.8421052631578947,R
138,138,2000-09-21,,,,,,,,,1.7857142857142858,R
139,139,2000-09-22,,,,,,,,,2.0,R
140,140,2000-09-23,,,,,,,,,1.8,R
141,141,2000-09-24,,,,,,,,,2.0,R
142,142,2000-09-25,,,,,,,,,1.8461538461538465,R
143,143,2000-09-26,,,,,,,,,2.0,R
144,144,2000-09-27,,,,,,,,,1.7916666666666667,R
145,145,2000-09-28,,,,,,,,,1.8571428571428568,R
146,146,2000-09-29,,,,,,,,,1.6,R
147,147,2000-09-30,,,,,,,,,2.0,R
148,148,2000-10-01,,,,,,,,,1.75,R
149,149,2000-10-02,,,,,,,,,2.0625,R
150,150,2000-10-03,,,,,,,,,1.9,R
151,151,2000-10-04,,,,,,,,,1.6428571428571428,R
152,152,2000-10-05,,,,,,,,,2.071428571428572,R
153,153,2000-10-06,,,,,,,,,1.761904761904762,R
154,154,2000-10-07,,,,,,,,,2.0,R
155,155,2000-10-08,,,,,,,,,2.0,R
156,156,2000-10-09,,,,,,,,,1.7777777777777777,R
157,157,2000-10-10,,,,,,,,,2.0476190476190474,R
158,158,2000-10-11,,,,,,,,,2.0,R
159,159,2000-10-12,,,,,,,,,1.9047619047619049,R
160,160,2000-10-13,,,,,,,,,2.0,R
161,161,2000-10-14,,,,,,,,,1.75,R
162,162,2000-10-15,,,,,,,,,2.1,R
163,163,2000-10-16,,,,,,,,,1.9166666666666667,R
164,164,2000-10-17,,,,,,,,,2.0,R
165,165,2000-10-18,,,,,,,,,2.0,R
166,166,2000-10-19,,,,,,,,,2.0,R
167,167,2000-10-20,,,,,,,,,2.0,R
168,168,2000-10-21,,,,,,,,,1.5714285714285714,R
169,169,2000-10-22,,,,,,,,,2.0,R
170,170,2000-10-23,,,,,,,,,1.75,R
171,171,2000-10-24,,,,,,,,,2.0,R
172,172,2000-10-25,,,,,,,,,1.9090909090909087,R
173,173,2000-10-26,,,,,,,,,2.1,R
174,174,2000-10-27,,,,,,,,,2.071428571428572,R
175,175,2000-10-28,,,,,,,,,1.8947368421052633,R
176,176,2000-10-29,,,,,,,,,2.0,R
177,177,2000-10-30,,,,,,,,,2.0,R
178,178,2000-10-31,,,,,,,,,2.333333333333333,R
179,179,2000-11-01,,,,,,,,,1.8571428571428568,R
180,180,2000-11-02,,,,,,,,,2.0,R
181,181,2000-11-03,,,,,,,,,2.2857142857142856,R
182,182,2000-11-04,,,,,,,,,1.8,R
183,183,2000-11-05,,,,,,,,,1.9411764705882355,R
184,184,2000-11-06,,,,,,,,,2.571428571428572,R
185,185,2000-11-07,,,,,,,,,1.8333333333333333,R
